platform,title,source_url,category,description,is_active,sort_order
youtube,Enoch,https://youtu.be/wJkXjNbsD-Y,movies,Faith film,1,0
youtube,Noah,https://youtu.be/KbZvD-Yd2a8,movies,Faith film,1,10
youtube,The Passion of the Christ,https://youtu.be/FOfOqZIVmSY,movies,Faith film,1,20
youtube,The Last Sin Easter,https://youtu.be/qC62QHN4Uzg,movies,Faith film,1,30
youtube,Megiddo - The Omega Code,https://youtu.be/AnOz_ecu65s,movies,Faith film,1,40
youtube,Encounter 1,https://youtu.be/kN4SK4cgopg,movies,Faith film,1,50
youtube,Pilgrim's Progress,https://youtu.be/XPB_GDg9qnk,movies,Faith film,1,60
youtube,I Can Only Imagine,https://youtu.be/tpEbBMi_mO4,movies,Faith film,1,70
youtube,Let Go and Let God,https://youtu.be/F8IPzpcuPGs,movies,Faith film,1,80
youtube,Something the Lord Made,https://youtu.be/YsgL9etO52s,movies,Faith film,1,90
youtube,Kenya TV Live,https://www.youtube.com/live/wd6e85PVwt0,tv,Kenya TV,1,100
youtube,China TV Live,https://www.youtube.com/live/0i7n3r01L2U,tv,China Live,1,110
youtube,Citizen TV Live (Kenya),https://www.youtube.com/live/QR68tERO10g,tv,Kenya,1,120
youtube,BBC News Live,https://www.youtube.com/live/sc21UUjyLaw,news,BBC,1,130
youtube,Indian News Live,https://www.youtube.com/live/9kIboQPkkC0,news,India,1,140
youtube,Sky News Live,https://www.youtube.com/live/xDWQ3LkccY8,news,SKY NEWS,1,150
youtube,CBC News Live,https://www.youtube.com/live/5vfaDsMhCF4,news,CBC,1,160
youtube,ABC News Live,https://www.youtube.com/live/vOTiJkg1voo,news,ABC News,1,170
youtube,Euronews Live,https://www.youtube.com/live/pykpO5kQJ98,news,Euro News,1,180
youtube,France TV Live,https://www.youtube.com/live/HvZt-nh9sGg,tv,France TV,1,190
youtube,Al Jazeera Live,https://www.youtube.com/live/gCNeDWCI0vo,news,Al Jazeera,1,200
youtube,CNN Live,https://www.youtube.com/live/GotlA1KKWoo,news,CNN,1,210
youtube,Arise Live,https://www.youtube.com/live/Fy_03Aorpq8,news,Arise,1,220
youtube,Africa TV Live,https://www.youtube.com/live/NQjabLGdP5g,tv,Africa TV,1,230
youtube,TVC News Live,https://www.youtube.com/live/b-Yzp0l8cAM,news,TVC,1,240
youtube,Joy TV Live,https://www.youtube.com/live/MHFpXY4d_LI,tv,Joy TV,1,250
youtube,Channels TV Live,https://www.youtube.com/live/W8nThq62Vb4,news,Channels TV,1,260
youtube,AIT News Live,https://www.youtube.com/live/9MC8X0TOGzo,news,AIT,1,270
youtube,William Booth,https://youtu.be/9Mn2uYUsr04,ministration,Teaching,1,280
youtube,Sinners in the Hands of an Angry God - Jonathan Edwards,https://youtu.be/TtHijgqceXo,ministration,Jonathan Edwards,1,290
youtube,Rebecca Brown,https://youtu.be/9wEgQcvvmNc,ministration,Rebecca Brown,1,300
youtube,He Came to Set the Captives Free,https://youtu.be/_sK4pgAcQj4,ministration,Rebecca Brown,1,310
youtube,Watchman Nee - The Holy Spirit,https://youtu.be/vZL_cJZd5RE,ministration,Watchman Nee,1,320
youtube,"Watchman Nee - Spirit, Soul & Body (Chapter 1)",https://youtu.be/NKSoxghLHBk,ministration,Watchman Nee,1,330
youtube,Billy Graham - The Real Meaning of the Cross,https://youtu.be/U89zkUZPd5w,ministration,Billy Graham,1,340
youtube,John Wesley - The Almost Christian,https://www.youtube.com/watch?v=uGSkCCOgHso,ministration,John Wesley,1,350
youtube,Charles H. Spurgeon - What Is Your Life?,https://www.youtube.com/watch?v=XwZVHqsoLXI,ministration,Spurgeon,1,360
youtube,Charles H. Spurgeon - The Indwelling and Outflowing of the Holy Spirit,https://www.youtube.com/watch?v=UBlZCjRzB3E,ministration,Spurgeon,1,370
youtube,Charles H. Spurgeon - The Secret Power in Prayer,https://www.youtube.com/watch?v=uMje1vYLjQM,ministration,Spurgeon,1,380
youtube,"Leonard Ravenhill - Pure Heart, Pure Church",https://www.youtube.com/watch?v=MnKUD0OGIPY,ministration,Ravenhill,1,390
youtube,Leonard Ravenhill - No Man Is Greater Than His Prayer Life,https://www.youtube.com/watch?v=M20aQ7ODuuw,ministration,Ravenhill,1,400
youtube,Kathryn Kuhlman - The Price for the Anointing,https://youtu.be/dTRYYypEyD8,ministration,Kathryn Kuhlman,1,410
youtube,Kathryn Kuhlman - Dying to Self,https://youtu.be/ZnWqLkx79nc,ministration,Kathryn Kuhlman,1,420
youtube,Kathryn Kuhlman - How to Talk to the Holy Spirit,https://www.youtube.com/watch?v=emrFx5tLjqU,ministration,Kathryn Kuhlman,1,430
youtube,Dr. Arome Osayi,https://youtu.be/x6PmnWMJUos,ministration,Dr. Arome Osayi,1,440
youtube,Koinonia,https://youtu.be/XNrauZ9EqUY,ministration,Koinonia,1,450
youtube,Deeper Life Live,https://www.youtube.com/live/XfxRoLMy4F8,ministration,Deeper Life,1,460
youtube,Winners Live,https://www.youtube.com/live/iEAqejdwh3w,ministration,Winners,1,470
youtube,Hillsong Church Australia Live,https://www.youtube.com/@hillsong.australia/live,ministration,Hillsong,1,480
youtube,Harvest Christian Fellowship Live,https://www.youtube.com/@harvestchurchyt/live,ministration,Harvest,1,490
youtube,Elevation Church Live,https://www.youtube.com/@elevationchurch/live,ministration,Elevation,1,500
youtube,House on the Rock Live,https://www.youtube.com/@HOTR/live,ministration,HOTR,1,510
youtube,Faith Tabernacle / Winners Live,https://www.youtube.com/@faithtabernacle/live,ministration,Winners,1,520
youtube,RCCG Live,https://www.youtube.com/channel/UCDKGpzgtcvexRsqFI7Rvq6A/live,ministration,RCCG,1,530
youtube,ONE Championship Live,https://www.youtube.com/@ONEChampionship/live,games,ONE Championship,1,540
youtube,Olympics Live,https://www.youtube.com/@Olympics/live,games,Olympics,1,550
youtube,PGA TOUR Live,https://www.youtube.com/@PGATOUR/live,games,PGA TOUR,1,560
youtube,WWE Live,https://www.youtube.com/@WWE/live,games,WWE,1,570
youtube,World Aquatics Live,https://www.youtube.com/@WorldAquatics/live,games,World Aquatics,1,580
youtube,World Rugby Live,https://www.youtube.com/@worldrugby/live,games,World Rugby,1,590
youtube,NBA Live,https://www.youtube.com/@NBA/live,games,NBA,1,600
youtube,Red Bull Live,https://www.youtube.com/@redbull/live,games,Red Bull,1,610
youtube,Formula 1 Live,https://www.youtube.com/@Formula1/live,games,Formula 1,1,620
youtube,FIFA Live,https://www.youtube.com/@FIFA/live,games,FIFA,1,630
youtube,AIT Live Channel,https://www.youtube.com/@ait_live/live,news,AIT TV,1,640
youtube,Channels TV (channel live),https://www.youtube.com/channel/UCEXGDNclvmg6RW0vipJYsTQ/live,news,Channels TV,1,650
youtube,TVC News Channel Live,https://www.youtube.com/@TVCNewsNigeria/live,news,TVC,1,660
youtube,K24 Kenya Live,https://www.youtube.com/@K24TV/live,tv,Kenya TV,1,670
youtube,Joy News Channel Live,https://www.youtube.com/channel/UChd1DEecCRlxaa0-hvPACCw/live,tv,Joy TV,1,680
youtube,Metro TV Ghana Live,https://www.youtube.com/@metrotvghana/live,tv,Metro Ghana,1,690
youtube,BBC Africa Live,https://www.youtube.com/@BBCAfrica/live,news,BBC Africa,1,700
youtube,India Today Live,https://www.youtube.com/@indiatoday/live,news,India Today,1,710
youtube,TRT World Live,https://www.youtube.com/@trtworld/live,news,TRT World,1,720
youtube,NHK World Japan Live,https://www.youtube.com/@NHKWORLDJAPAN/live,news,Japan TV,1,730
youtube,Channel News Asia Live,https://www.youtube.com/@channelnewsasia/live,news,Channel Asia,1,740
youtube,Euronews Channel Live,https://www.youtube.com/@euronews/live,news,Euro News,1,750
youtube,DW News Live,https://www.youtube.com/@dwnews/live,news,DW News,1,760
youtube,France 24 Live,https://www.youtube.com/@France24_en/live,news,France 24,1,770
youtube,ABC News Channel Live,https://www.youtube.com/@ABCNews/live,news,ABC News,1,780
youtube,Sky News Channel Live,https://www.youtube.com/@SkyNews/live,news,Sky News,1,790
youtube,Al Jazeera English Channel Live,https://www.youtube.com/@AlJazeeraEnglish/live,news,Al Jazeera,1,800
youtube,BBC News Channel Live,https://www.youtube.com/channel/UC16niRr50-MSBwiO3YDb3RA/live,news,BBC Live,1,810
