platform,title,source_url,category,description,is_active,sort_order,embed_url,youtube_channel_id
youtube,Enoch,https://youtu.be/wJkXjNbsD-Y,movies,Faith film,1,0,https://www.youtube.com/embed/wJkXjNbsD-Y?autoplay=1&mute=1&playsinline=1&rel=0&modestbranding=1&enablejsapi=1,
youtube,Noah,https://youtu.be/KbZvD-Yd2a8,movies,Faith film,1,10,https://www.youtube.com/embed/KbZvD-Yd2a8?autoplay=1&mute=1&playsinline=1&rel=0&modestbranding=1&enablejsapi=1,
youtube,The Passion of the Christ,https://youtu.be/FOfOqZIVmSY,movies,Faith film,1,20,https://www.youtube.com/embed/FOfOqZIVmSY?autoplay=1&mute=1&playsinline=1&rel=0&modestbranding=1&enablejsapi=1,
youtube,The Last Sin Easter,https://youtu.be/qC62QHN4Uzg,movies,Faith film,1,30,https://www.youtube.com/embed/qC62QHN4Uzg?autoplay=1&mute=1&playsinline=1&rel=0&modestbranding=1&enablejsapi=1,
youtube,Megiddo - The Omega Code,https://youtu.be/AnOz_ecu65s,movies,Faith film,1,40,https://www.youtube.com/embed/AnOz_ecu65s?autoplay=1&mute=1&playsinline=1&rel=0&modestbranding=1&enablejsapi=1,
youtube,Encounter 1,https://youtu.be/kN4SK4cgopg,movies,Faith film,1,50,https://www.youtube.com/embed/kN4SK4cgopg?autoplay=1&mute=1&playsinline=1&rel=0&modestbranding=1&enablejsapi=1,
youtube,Pilgrim's Progress,https://youtu.be/XPB_GDg9qnk,movies,Faith film,1,60,https://www.youtube.com/embed/XPB_GDg9qnk?autoplay=1&mute=1&playsinline=1&rel=0&modestbranding=1&enablejsapi=1,
youtube,I Can Only Imagine,https://youtu.be/tpEbBMi_mO4,movies,Faith film,1,70,https://www.youtube.com/embed/tpEbBMi_mO4?autoplay=1&mute=1&playsinline=1&rel=0&modestbranding=1&enablejsapi=1,
youtube,Let Go and Let God,https://youtu.be/F8IPzpcuPGs,movies,Faith film,1,80,https://www.youtube.com/embed/F8IPzpcuPGs?autoplay=1&mute=1&playsinline=1&rel=0&modestbranding=1&enablejsapi=1,
youtube,Something the Lord Made,https://youtu.be/YsgL9etO52s,movies,Faith film,1,90,https://www.youtube.com/embed/YsgL9etO52s?autoplay=1&mute=1&playsinline=1&rel=0&modestbranding=1&enablejsapi=1,
youtube,Al Jazeera English Live,https://www.youtube.com/@AlJazeeraEnglish/live,news,International news,1,100,,
youtube,Sky News Live,https://www.youtube.com/@SkyNews/live,news,UK / world news,1,110,,
youtube,BBC News Live,https://www.youtube.com/channel/UC16niRr50-MSBwiO3YDb3RA/live,news,BBC international,1,120,,UC16niRr50-MSBwiO3YDb3RA
youtube,Euronews English Live,https://www.youtube.com/@euronews/live,news,European news,1,130,,
youtube,DW News Live,https://www.youtube.com/@dwnews/live,news,Deutsche Welle,1,140,,
youtube,France 24 English Live,https://www.youtube.com/@France24_en/live,news,France 24,1,150,,
youtube,TRT World Live,https://www.youtube.com/@trtworld/live,news,TRT World,1,160,,
youtube,NHK World Japan Live,https://www.youtube.com/@NHKWORLDJAPAN/live,news,Japan international,1,170,,
youtube,Channel News Asia Live,https://www.youtube.com/@channelnewsasia/live,news,Asia news,1,180,,
youtube,CNN Live,https://www.youtube.com/@CNN/live,news,CNN,1,190,,
youtube,ABC News Live,https://www.youtube.com/@ABCNews/live,news,ABC News US,1,200,,
youtube,CBC News Live,https://www.youtube.com/@CBCNews/live,news,CBC Canada,1,210,,
youtube,Bloomberg Live,https://www.youtube.com/@markets/live,news,Business / markets,1,220,,
youtube,Reuters Live,https://www.youtube.com/@Reuters/live,news,Reuters,1,230,,
youtube,Associated Press Live,https://www.youtube.com/@AP/live,news,AP News,1,240,,
youtube,United Nations Live,https://www.youtube.com/@unitednations/live,news,UN,1,250,,
youtube,India Today Live,https://www.youtube.com/@indiatoday/live,news,India international,1,260,,
youtube,BBC Africa Live,https://www.youtube.com/@BBCAfrica/live,news,BBC Africa,1,270,,
youtube,Channels Television Live,https://www.youtube.com/channel/UCEXGDNclvmg6RW0vipJYsTQ/live,tv,Nigeria TV,1,280,,UCEXGDNclvmg6RW0vipJYsTQ
youtube,TVC News Nigeria Live,https://www.youtube.com/@TVCNewsNigeria/live,tv,Nigeria TV,1,290,,
youtube,Arise News Live,https://www.youtube.com/@AriseNews/live,tv,Nigeria / Africa,1,300,,
youtube,AIT Live,https://www.youtube.com/@ait_live/live,tv,Nigeria TV,1,310,,
youtube,Citizen TV Kenya Live,https://www.youtube.com/@CitizenTVKenya/live,tv,Kenya TV,1,320,,
youtube,K24 Kenya Live,https://www.youtube.com/@K24TV/live,tv,Kenya TV,1,330,,
youtube,Joy News Ghana Live,https://www.youtube.com/channel/UChd1DEecCRlxaa0-hvPACCw/live,tv,Ghana TV,1,340,,UChd1DEecCRlxaa0-hvPACCw
youtube,Metro TV Ghana Live,https://www.youtube.com/@metrotvghana/live,tv,Ghana TV,1,350,,
youtube,Africanews Live,https://www.youtube.com/@africanews/live,tv,Pan-Africa TV,1,360,,
youtube,William Booth,https://youtu.be/9Mn2uYUsr04,ministration,Teaching / sermon,1,370,https://www.youtube.com/embed/9Mn2uYUsr04?autoplay=1&mute=1&playsinline=1&rel=0&modestbranding=1&enablejsapi=1,
youtube,Sinners in the Hands of an Angry God - Jonathan Edwards,https://youtu.be/TtHijgqceXo,ministration,Teaching / sermon,1,380,https://www.youtube.com/embed/TtHijgqceXo?autoplay=1&mute=1&playsinline=1&rel=0&modestbranding=1&enablejsapi=1,
youtube,Rebecca Brown,https://youtu.be/9wEgQcvvmNc,ministration,Teaching / sermon,1,390,https://www.youtube.com/embed/9wEgQcvvmNc?autoplay=1&mute=1&playsinline=1&rel=0&modestbranding=1&enablejsapi=1,
youtube,He Came to Set the Captives Free,https://youtu.be/_sK4pgAcQj4,ministration,Teaching / sermon,1,400,https://www.youtube.com/embed/_sK4pgAcQj4?autoplay=1&mute=1&playsinline=1&rel=0&modestbranding=1&enablejsapi=1,
youtube,Watchman Nee - The Holy Spirit,https://youtu.be/vZL_cJZd5RE,ministration,Teaching / sermon,1,410,https://www.youtube.com/embed/vZL_cJZd5RE?autoplay=1&mute=1&playsinline=1&rel=0&modestbranding=1&enablejsapi=1,
youtube,Watchman Nee - Spirit Soul Body Chapter 1,https://youtu.be/NKSoxghLHBk,ministration,Teaching / sermon,1,420,https://www.youtube.com/embed/NKSoxghLHBk?autoplay=1&mute=1&playsinline=1&rel=0&modestbranding=1&enablejsapi=1,
youtube,Billy Graham - The Real Meaning of the Cross,https://youtu.be/U89zkUZPd5w,ministration,Teaching / sermon,1,430,https://www.youtube.com/embed/U89zkUZPd5w?autoplay=1&mute=1&playsinline=1&rel=0&modestbranding=1&enablejsapi=1,
youtube,John Wesley - The Almost Christian,https://www.youtube.com/watch?v=uGSkCCOgHso,ministration,Teaching / sermon,1,440,https://www.youtube.com/embed/uGSkCCOgHso?autoplay=1&mute=1&playsinline=1&rel=0&modestbranding=1&enablejsapi=1,
youtube,Charles H. Spurgeon - What Is Your Life?,https://www.youtube.com/watch?v=XwZVHqsoLXI,ministration,Teaching / sermon,1,450,https://www.youtube.com/embed/XwZVHqsoLXI?autoplay=1&mute=1&playsinline=1&rel=0&modestbranding=1&enablejsapi=1,
youtube,Charles H. Spurgeon - The Indwelling and Outflowing of the Holy Spirit,https://www.youtube.com/watch?v=UBlZCjRzB3E,ministration,Teaching / sermon,1,460,https://www.youtube.com/embed/UBlZCjRzB3E?autoplay=1&mute=1&playsinline=1&rel=0&modestbranding=1&enablejsapi=1,
youtube,Charles H. Spurgeon - The Secret Power in Prayer,https://www.youtube.com/watch?v=uMje1vYLjQM,ministration,Teaching / sermon,1,470,https://www.youtube.com/embed/uMje1vYLjQM?autoplay=1&mute=1&playsinline=1&rel=0&modestbranding=1&enablejsapi=1,
youtube,Leonard Ravenhill - Pure Heart Pure Church,https://www.youtube.com/watch?v=MnKUD0OGIPY,ministration,Teaching / sermon,1,480,https://www.youtube.com/embed/MnKUD0OGIPY?autoplay=1&mute=1&playsinline=1&rel=0&modestbranding=1&enablejsapi=1,
youtube,Leonard Ravenhill - No Man Is Greater Than His Prayer Life,https://www.youtube.com/watch?v=M20aQ7ODuuw,ministration,Teaching / sermon,1,490,https://www.youtube.com/embed/M20aQ7ODuuw?autoplay=1&mute=1&playsinline=1&rel=0&modestbranding=1&enablejsapi=1,
youtube,Kathryn Kuhlman - The Price for the Anointing,https://youtu.be/dTRYYypEyD8,ministration,Teaching / sermon,1,500,https://www.youtube.com/embed/dTRYYypEyD8?autoplay=1&mute=1&playsinline=1&rel=0&modestbranding=1&enablejsapi=1,
youtube,Kathryn Kuhlman - Dying to Self,https://youtu.be/ZnWqLkx79nc,ministration,Teaching / sermon,1,510,https://www.youtube.com/embed/ZnWqLkx79nc?autoplay=1&mute=1&playsinline=1&rel=0&modestbranding=1&enablejsapi=1,
youtube,Kathryn Kuhlman - How to Talk to the Holy Spirit,https://www.youtube.com/watch?v=emrFx5tLjqU,ministration,Teaching / sermon,1,520,https://www.youtube.com/embed/emrFx5tLjqU?autoplay=1&mute=1&playsinline=1&rel=0&modestbranding=1&enablejsapi=1,
youtube,Dr. Arome Osayi,https://youtu.be/x6PmnWMJUos,ministration,Teaching / sermon,1,530,https://www.youtube.com/embed/x6PmnWMJUos?autoplay=1&mute=1&playsinline=1&rel=0&modestbranding=1&enablejsapi=1,
youtube,Koinonia,https://youtu.be/XNrauZ9EqUY,ministration,Teaching / sermon,1,540,https://www.youtube.com/embed/XNrauZ9EqUY?autoplay=1&mute=1&playsinline=1&rel=0&modestbranding=1&enablejsapi=1,
youtube,Deeper Life Live,https://www.youtube.com/@DLCOnline/live,ministration,Church live,1,550,,
youtube,Winners Chapel Live,https://www.youtube.com/@faithtabernacle/live,ministration,Church live,1,560,,
youtube,Hillsong Church Live,https://www.youtube.com/@hillsong.australia/live,ministration,Church live,1,570,,
youtube,Elevation Church Live,https://www.youtube.com/@elevationchurch/live,ministration,Church live,1,580,,
youtube,House on the Rock Live,https://www.youtube.com/@HOTR/live,ministration,Church live,1,590,,
youtube,RCCG Live,https://www.youtube.com/channel/UCDKGpzgtcvexRsqFI7Rvq6A/live,ministration,Church live,1,600,,UCDKGpzgtcvexRsqFI7Rvq6A
youtube,Harvest Christian Fellowship Live,https://www.youtube.com/@harvestchurchyt/live,ministration,Church live,1,610,,
youtube,ONE Championship Live,https://www.youtube.com/@ONEChampionship/live,games,Sports channel live,1,620,,
youtube,Olympics Live,https://www.youtube.com/@Olympics/live,games,Sports channel live,1,630,,
youtube,PGA TOUR Live,https://www.youtube.com/@PGATOUR/live,games,Sports channel live,1,640,,
youtube,WWE Live,https://www.youtube.com/@WWE/live,games,Sports channel live,1,650,,
youtube,NBA Live,https://www.youtube.com/@NBA/live,games,Sports channel live,1,660,,
youtube,Formula 1 Live,https://www.youtube.com/@Formula1/live,games,Sports channel live,1,670,,
youtube,FIFA Live,https://www.youtube.com/@FIFA/live,games,Sports channel live,1,680,,
youtube,World Rugby Live,https://www.youtube.com/@worldrugby/live,games,Sports channel live,1,690,,
youtube,Red Bull Live,https://www.youtube.com/@redbull/live,games,Sports channel live,1,700,,
